Stock,Date,EPS % change,Slope of Best Fit Line,Decision,Previous Close,Day Open,Open Result,% Change Open,Day Close,Close Result,% Change Close
aaon,02/27/2020,0.125,-0.3112,Do nothing,53.119998931884766,52.41999816894531,n/a,-0.013177725470910815,57.59000015258789,n/a,0.08414912105768228
acu,02/27/2020,n/a,-0.21239999999999998,n/a,23.5,22.809999465942383,n/a,-0.029361724853515625,23.459999084472656,n/a,-0.0017021666181848405
golf,02/27/2020,0.46666,-0.3616,Do nothing,26.899999618530273,25.690000534057617,n/a,-0.04498137924281378,25.56999969482422,n/a,-0.04944237704709386
adap,02/27/2020,0.08333,0.09809999999999999,Short,3.509999990463257,3.450000047683716,Correct,-0.017094000838336783,3.6600000858306885,Incorrect,0.04273507002136326
allo,02/27/2020,-0.97142,0.11730000000000002,Do nothing,25.450000762939453,25.510000228881836,n/a,0.002357542795431057,25.920000076293945,n/a,0.018467555963256
abev,02/27/2020,-0.14285,0.0115,Do nothing,3.569999933242798,3.1700000762939453,n/a,-0.1120447799520024,3.25,n/a,-0.08963583731838531
plan,02/27/2020,0.0,-0.7868999999999999,Do nothing,58.09000015258789,42.189998626708984,n/a,-0.2737132291980303,44.029998779296875,n/a,-0.24203823956548307
bud,02/27/2020,-0.3375,0.33390000000000003,Do nothing,66.29000091552734,60.650001525878906,n/a,-0.08508069560649772,60.209999084472656,n/a,-0.09171823422965962
anip,02/27/2020,-0.14999,0.3984,Do nothing,59.33000183105469,56.93000030517578,n/a,-0.04045173524034328,48.25,n/a,-0.18675208982136185
argx,02/27/2020,n/a,-1.1291,n/a,150.50999450683594,144.2899932861328,n/a,-0.041326167349109974,143.5399932861328,n/a,-0.04630922513512256
atra,02/27/2020,0.25714,1.0056,Short,11.170000076293945,10.520000457763672,Correct,-0.058191550052874706,11.479999542236328,Incorrect,0.02775286157788787
atnx,02/27/2020,-0.21951,-0.0419,Buy,12.25,12.0,Incorrect,-0.02040816326530612,11.90999984741211,Incorrect,-0.027755114496970663
bby,02/27/2020,0.0147,-0.7763,Do nothing,82.18000030517578,79.5,n/a,-0.03261134455127268,78.30999755859375,n/a,-0.04709178306413677
bmch,02/27/2020,-0.26666,-0.5553,Buy,27.93000030517578,25.299999237060547,Incorrect,-0.09416401859572705,25.350000381469727,Incorrect,-0.09237378788098145
bpmp,02/27/2020,0.08571,0.0013,Short,12.65999984741211,12.680000305175781,Incorrect,0.0015798150082727105,12.75,Incorrect,0.0071090168777757125
bwen,02/27/2020,0.90243,0.007299999999999999,Short,1.9600000381469727,1.899999976158142,Correct,-0.03061227592911475,2.059999942779541,Incorrect,0.051020358513416394
cwt,02/27/2020,0.03125,-0.059699999999999996,Do nothing,52.66999816894531,52.380001068115234,n/a,-0.00550592578150236,49.91999816894531,n/a,-0.052211887138842235
cbre,02/27/2020,0.10743,-0.5331,Do nothing,56.93000030517578,56.0099983215332,n/a,-0.01616023148973945,56.540000915527344,n/a,-0.006850507422410479
cnp,02/27/2020,0.02777,0.19529999999999997,Short,24.079999923706055,24.110000610351562,Incorrect,0.0012458756952060043,24.15999984741211,Incorrect,0.0033222559783854942
chs,02/27/2020,0.0,0.0040999999999999995,Do nothing,3.9100000858306885,3.990000009536743,n/a,0.0204603380946112,3.6500000953674316,n/a,-0.06649615978410375
cveo,02/27/2020,n/a,0.045,n/a,1.3200000524520874,1.2699999809265137,n/a,-0.03787884055965869,1.1799999475479126,n/a,-0.10606068131899293
ccc,02/27/2020,n/a,-0.3094,n/a,20.6200008392334,20.139999389648438,n/a,-0.0232784398665818,20.540000915527344,n/a,-0.003879724561108645
cco,02/27/2020,-1.42857,0.1437,Do nothing,2.0399999618530273,2.2899999618530273,n/a,0.12254902189944814,2.140000104904175,n/a,0.04901967888289206
cwen,02/27/2020,1.61904,-0.2864,Do nothing,21.350000381469727,20.5,n/a,-0.03981266352610776,21.25,n/a,-0.004683858533160484
ccoi,02/27/2020,0.31249,-0.7004,Do nothing,74.94999694824219,69.25,n/a,-0.07605066284630276,76.01000213623047,n/a,0.014142831636407982
crk,02/27/2020,-0.48571,-0.0263,Buy,5.559999942779541,5.5,Incorrect,-0.010791356726084065,5.389999866485596,Incorrect,-0.030575553604944697
cnce,02/27/2020,0.12359,0.1882,Short,10.920000076293945,10.800000190734863,Correct,-0.01098900043229742,10.180000305175781,Correct,-0.06776554633224022
crai,02/27/2020,-0.07142,-0.3392,Buy,47.619998931884766,39.099998474121094,Incorrect,-0.17891643529750192,44.5,Incorrect,-0.06551866866581801
crox,02/27/2020,2.0,-0.7803,Do nothing,33.869998931884766,28.350000381469727,n/a,-0.16297604737207672,28.450000762939453,n/a,-0.16002357070767423
cron,02/27/2020,0.2,0.6109,Short,6.090000152587891,5.849999904632568,Correct,-0.039408906722824356,6.03000020980835,Correct,-0.009852207106110594
disca,02/27/2020,0.28378,-0.09910000000000001,Do nothing,26.469999313354492,25.389999389648438,n/a,-0.0408009048629321,24.670000076293945,n/a,-0.06800148408588819
ecc,02/27/2020,-0.02631,0.12940000000000002,Do nothing,14.25,13.899999618530273,n/a,-0.024561430278577302,13.369999885559082,n/a,-0.06175439399585389
eme,02/27/2020,0.08695,-0.515,Do nothing,79.12000274658203,74.5999984741211,n/a,-0.05712846455451116,78.38999938964844,n/a,-0.009226533513551094
eva,02/27/2020,-0.27272,-0.2927,Buy,36.599998474121094,35.599998474121094,Incorrect,-0.02732240551067438,35.79999923706055,Incorrect,-0.021857903563198385
eqm,02/27/2020,-0.11718,1.0523,Do nothing,21.510000228881836,20.600000381469727,n/a,-0.04230589668661358,18.270000457763672,n/a,-0.1506276028192581
eqt,02/27/2020,-0.88607,0.6447,Do nothing,4.960000038146973,4.920000076293945,n/a,-0.008064508376086847,5.380000114440918,n/a,0.08467743408543499
etrn,02/27/2020,-0.30645,0.5196,Do nothing,8.680000305175781,8.399999618530273,n/a,-0.03225814248860645,7.409999847412109,n/a,-0.14631341164888964
evop,02/27/2020,0.46153,0.0318,Short,26.790000915527344,24.239999771118164,Correct,-0.09518480990163805,26.739999771118164,Correct,-0.0018664107017704239
exls,02/27/2020,-0.12698,-0.6086,Buy,72.37999725341797,77.30000305175781,Correct,0.06797466130198711,74.08999633789062,Correct,0.02362529910695604
fss,02/27/2020,0.10256,-0.4061,Do nothing,30.770000457763672,30.5,n/a,-0.008774795376889482,30.239999771118164,n/a,-0.017224591444937133
flir,02/27/2020,0.0,-0.20570000000000002,Do nothing,54.09000015258789,48.0,n/a,-0.11259013006855241,44.43000030517578,n/a,-0.1785912335027038
fly,02/27/2020,0.81914,-0.2648,Do nothing,16.170000076293945,17.510000228881836,n/a,0.08286952048642227,17.440000534057617,n/a,0.07854053505080424
fmx,02/27/2020,-0.11278,0.0667,Do nothing,86.91000366210938,85.94000244140625,n/a,-0.011160984694861101,84.01000213623047,n/a,-0.03336786795169859
fro,02/27/2020,2.4,-0.1754,Do nothing,7.320000171661377,6.96999979019165,n/a,-0.0478142586423313,7.619999885559082,n/a,0.040983566511258146
gcap,02/27/2020,-1.45454,0.0886,Do nothing,3.5299999713897705,5.880000114440918,n/a,0.6657224255234048,5.860000133514404,n/a,0.6600567085011353
gci,02/27/2020,n/a,0.23900000000000002,n/a,4.889999866485596,4.510000228881836,n/a,-0.07770953946402917,4.800000190734863,n/a,-0.01840484216933414
gtx,02/27/2020,0.29824,0.3951,Short,7.190000057220459,7.400000095367432,Incorrect,0.029207237340155928,7.0,Correct,-0.0264255988467836
gtn,02/27/2020,-0.53773,0.0281,Do nothing,17.3700008392334,17.8799991607666,n/a,0.029360869136015034,18.040000915527344,n/a,0.03857225353614403
hri,02/27/2020,n/a,-0.2334,n/a,37.0,36.11000061035156,n/a,-0.02405403755806588,37.43000030517578,n/a,0.011621629869615709
hgv,02/27/2020,-0.54032,-0.1669,Buy,27.239999771118164,27.0,Incorrect,-0.00881056435883782,27.790000915527344,Correct,0.020190937923293635
hmlp,02/27/2020,-0.20454,0.21559999999999999,Do nothing,12.020000457763672,11.869999885559082,n/a,-0.012479248460236543,11.869999885559082,n/a,-0.012479248460236543
hmhc,02/27/2020,-0.18571,0.0564,Do nothing,5.75,5.260000228881836,n/a,-0.08521735149881114,5.840000152587891,n/a,0.015652200450067936
ibp,02/27/2020,0.19444,-1.2465,Do nothing,69.66999816894531,65.75,n/a,-0.056265225663413486,68.80999755859375,n/a,-0.012343916075124844
ntla,02/27/2020,-0.25581,0.1175,Do nothing,12.295000076293945,12.0,n/a,-0.023993499346351085,11.609999656677246,n/a,-0.055713738541364646
isee,02/27/2020,0.47169,-0.24209999999999998,Do nothing,5.565000057220459,5.449999809265137,n/a,-0.0206649140652051,5.380000114440918,n/a,-0.033243475449655724
jcp,02/27/2020,-1.44444,0.0231,Do nothing,0.7300000190734863,0.7200000286102295,n/a,-0.013698616715036242,0.6899999976158142,n/a,-0.054794548510341164
jnce,02/27/2020,-5.83333,-0.0466,Buy,5.284999847412109,4.489999771118164,Incorrect,-0.150425751986205,4.550000190734863,Incorrect,-0.13907278673568008
kdp,02/27/2020,0.16666,-0.0412,Do nothing,28.729999542236328,27.700000762939453,n/a,-0.03585098488368094,28.239999771118164,n/a,-0.017055335152296448
krp,02/27/2020,-0.93877,0.1447,Do nothing,11.710000038146973,11.25,n/a,-0.039282667519082645,11.149999618530273,n/a,-0.04782240971754219
kop,02/27/2020,-0.43333,-0.4149,Buy,23.56999969482422,22.75,Incorrect,-0.03478997477476778,19.979999542236328,Incorrect,-0.15231226979507453
lmrk,02/27/2020,3.75,-0.0658,Do nothing,16.030000686645508,15.899999618530273,n/a,-0.008109860420875555,15.680000305175781,n/a,-0.021834083997345655
laur,02/27/2020,2.61538,-0.15180000000000002,Do nothing,19.969999313354492,19.530000686645508,n/a,-0.022032981564237965,18.8700008392334,n/a,-0.05508254942129589
laws,02/27/2020,0.03225,-0.9411,Do nothing,41.029998779296875,39.720001220703125,n/a,-0.031927799112067126,40.599998474121094,n/a,-0.010480144235167587
nrp,02/27/2020,n/a,1.1359,n/a,15.8100004196167,15.609999656677246,n/a,-0.012650269299885445,13.770000457763672,n/a,-0.1290322522270044
neo,02/27/2020,0.25,-0.43119999999999997,Do nothing,29.989999771118164,28.510000228881836,n/a,-0.0493497683738444,27.510000228881836,n/a,-0.08269421677771031
snr,02/27/2020,0.0,-0.1119,Do nothing,7.699999809265137,7.519999980926514,n/a,-0.023376601661994283,6.71999979019165,n/a,-0.12727273290244592
nlsn,02/27/2020,-0.21276,0.2553,Do nothing,20.290000915527344,20.030000686645508,n/a,-0.012814204886647657,18.579999923706055,n/a,-0.0842780145225462
nomd,02/27/2020,0.0303,0.0313,Short,18.760000228881836,18.59000015258789,Correct,-0.009061837644981625,18.3700008392334,Correct,-0.020788879791590647
nvcr,02/27/2020,n/a,-1.9279,n/a,79.44999694824219,73.0,n/a,-0.0811830987538495,77.27999877929688,n/a,-0.027312753332878803
nrg,02/27/2020,3.38461,0.0367,Short,35.04999923706055,34.849998474121094,Correct,-0.00570615598553223,34.5,Correct,-0.015691847333308882
obln,02/27/2020,0.61538,0.4856,Short,1.7799999713897705,1.559999942779541,Correct,-0.12359552367771112,1.3600000143051147,Correct,-0.235955035862575
oge,02/27/2020,0.07407,-0.1083,Do nothing,43.119998931884766,42.7400016784668,n/a,-0.008812552477522967,40.4900016784668,n/a,-0.06099251666430902
ortx,02/27/2020,n/a,0.25239999999999996,n/a,11.489999771118164,11.109999656677246,n/a,-0.033072247346436434,10.670000076293945,n/a,-0.07136638043156544
pdco,02/27/2020,-0.02631,0.0551,Do nothing,22.68000030517578,24.770000457763672,n/a,0.09215168097290254,24.010000228881836,n/a,0.05864197115564133
prgo,02/27/2020,0.1134,-0.3905,Do nothing,60.66999816894531,55.33000183105469,n/a,-0.08801708421056073,51.81999969482422,n/a,-0.14587108523519085
plym,02/27/2020,0.31428,-0.0938,Do nothing,19.969999313354492,20.5,n/a,0.026539845010965107,20.34000015258789,n/a,0.018527834349296578
pwr,02/27/2020,-0.13483,-0.1729,Buy,37.08000183105469,38.33000183105469,Correct,0.0337108936966966,39.41999816894531,Correct,0.06310669423783216
rdus,02/27/2020,0.17777,-0.03950000000000001,Do nothing,17.8700008392334,18.049999237060547,n/a,0.01007265749154101,19.729999542236328,n/a,0.10408498128994612
rlh,02/27/2020,-0.1875,0.2404,Do nothing,2.7699999809265137,2.6600000858306885,n/a,-0.03971115373763731,2.640000104904175,n/a,-0.046931363508116816
rezi,02/27/2020,-0.09677,0.5939,Do nothing,8.510000228881836,9.970000267028809,n/a,0.17156286708335472,10.260000228881836,n/a,0.2056404175008982
sfe,02/27/2020,0.51851,0.019799999999999998,Short,9.329999923706055,9.300000190734863,Correct,-0.0032154054894434486,8.930000305175781,Correct,-0.04287241391223784
sage,02/27/2020,-0.071,4.2954,Do nothing,63.650001525878906,54.18000030517578,n/a,-0.1487824193822336,52.0099983215332,n/a,-0.18287514415240186
safm,02/27/2020,0.10975,-1.1,Do nothing,126.05999755859375,121.05999755859375,n/a,-0.039663652997263925,124.43000030517578,n/a,-0.012930329089212716
sre,02/27/2020,-0.16025,-1.3663,Buy,146.8699951171875,147.55999755859375,Correct,0.004698049052535866,141.4199981689453,Incorrect,-0.037107626672783896
serv,02/27/2020,0.0,0.6358999999999999,Do nothing,33.75,36.779998779296875,n/a,0.0897777416087963,37.43000030517578,n/a,0.10903704607928241
soho,02/27/2020,-0.33333,0.0265,Do nothing,5.239999771118164,5.230000019073486,n/a,-0.0019083497102031144,5.300000190734863,n/a,0.011450462259065276
srcl,02/27/2020,-0.32038,-0.6653,Buy,61.72999954223633,61.81999969482422,Correct,0.0014579645756567932,61.43000030517578,Incorrect,-0.004859861320026159
shoo,02/27/2020,-0.07142,-0.426,Buy,34.849998474121094,31.43000030517578,Incorrect,-0.09813481545730725,32.75,Incorrect,-0.0602582084954899
stkl,02/27/2020,0.18181,0.0579,Short,2.380000114440918,2.2300000190734863,Correct,-0.06302524712385063,2.700000047683716,Incorrect,0.1344537469982301
tgp,02/27/2020,0.78124,0.0126,Short,11.430000305175781,11.600000381469727,Incorrect,0.014873147135172442,13.25,Incorrect,0.1592300652870568
tnk,02/27/2020,4.925,-0.5678,Do nothing,12.65999984741211,13.15999984741211,n/a,0.039494471250108854,14.699999809265137,n/a,0.16113743968725508
tti,02/27/2020,0.0,0.0349,Do nothing,1.4299999475479126,1.4800000190734863,n/a,0.03496508626543041,1.3899999856948853,n/a,-0.02797200232183025
tsg,02/27/2020,-0.1923,-0.36679999999999996,Buy,24.15999984741211,23.31999969482422,Incorrect,-0.03476821845584022,22.31999969482422,Incorrect,-0.07615894719407383
td,02/27/2020,0.05932,-0.0132,Do nothing,54.959999084472656,53.130001068115234,n/a,-0.03329690769362539,52.0,n/a,-0.05385733503967466
trs,02/27/2020,0.0,0.0343,Do nothing,28.030000686645508,26.649999618530273,n/a,-0.049233001580792544,25.0,n/a,-0.10809848777810085
gts,02/27/2020,n/a,0.3866,n/a,15.170000076293945,14.819999694824219,n/a,-0.023071877370433883,14.739999771118164,n/a,-0.028345438563823065
usph,02/27/2020,-0.04225,-0.5123,Buy,126.58999633789062,117.44000244140625,Incorrect,-0.07228054476012036,104.19000244140625,Incorrect,-0.1769491630025402
vrtv,02/27/2020,-0.5,0.4674,Do nothing,11.970000267028809,11.5,n/a,-0.03926485017075709,11.720000267028809,n/a,-0.020885546735418325
vrna,02/27/2020,-3.0,0.0402,Do nothing,6.739999771118164,6.389999866485596,n/a,-0.05192877099675383,6.230000019073486,n/a,-0.07566762156730295
vrs,02/27/2020,-0.45054,0.19519999999999998,Do nothing,15.949999809265137,16.729999542236328,n/a,0.048902805159790674,16.790000915527344,n/a,0.05266464679041951
wll,02/27/2020,-7.8,1.0698,Do nothing,2.259999990463257,1.8799999952316284,n/a,-0.16814159151997857,1.7100000381469727,n/a,-0.24336281178635966
achc,02/27/2020,0.04255,-0.0799,Do nothing,31.43000030517578,32.58000183105469,n/a,0.03658929413658097,29.600000381469727,n/a,-0.05822462316058892
axdx,02/27/2020,-0.04878,0.1857,Do nothing,13.520000457763672,11.0,n/a,-0.18639056009177846,12.8100004196167,n/a,-0.0525147939428704
xlrn,02/27/2020,0.57333,-1.1078000000000001,Do nothing,86.56999969482422,84.31999969482422,n/a,-0.025990527988121518,85.93000030517578,n/a,-0.007392854244017068
adus,02/27/2020,0.25,-1.5265,Do nothing,89.55000305175781,83.30999755859375,n/a,-0.06968180101074352,76.2699966430664,n/a,-0.1482971072710726
aimt,02/27/2020,-0.09473,-0.4865,Buy,24.43000030517578,23.18000030517578,Incorrect,-0.05116659780537018,23.809999465942383,Incorrect,-0.02537866686403782
alg,02/27/2020,0.16666,-1.363,Do nothing,114.52999877929688,108.30999755859375,n/a,-0.05430892593205449,110.7699966430664,n/a,-0.0328298452484586
aqn,02/27/2020,0.28571,-0.1839,Do nothing,15.25,14.770000457763672,n/a,-0.031475379818775615,14.920000076293945,n/a,-0.021639339259413422
altr,02/27/2020,1.5,0.1071,Short,33.20500183105469,34.869998931884766,Incorrect,0.050142960669043064,34.79999923706055,Incorrect,0.04803485372839679
amc,02/27/2020,0.6,0.3583,Short,6.090000152587891,6.510000228881836,Incorrect,0.06896552804115613,6.260000228881836,Incorrect,0.027914625949837672
amh,02/27/2020,0.03571,-0.2002,Do nothing,25.68000030517578,25.260000228881836,n/a,-0.016355142963502795,25.889999389648438,n/a,0.008177534344901512
aaoi,02/27/2020,-1.3125,0.0063,Do nothing,9.5600004196167,8.949999809265137,n/a,-0.06380759242435473,8.930000305175781,n/a,-0.06589959066823738
at,02/27/2020,-0.72222,0.0052,Do nothing,2.3299999237060547,2.25,n/a,-0.03433473232857806,2.2699999809265137,n/a,-0.025751049246433545
ay,02/27/2020,0.8481,-0.38530000000000003,Do nothing,30.030000686645508,27.0,n/a,-0.10089912145732866,28.90999984741211,n/a,-0.03729606438975103
adsk,02/27/2020,1.7,-1.0863,Do nothing,180.64999389648438,176.57000732421875,n/a,-0.02258503576038607,190.8800048828125,n/a,0.05662890302775267
aaxn,02/27/2020,7.0,-0.7618999999999999,Do nothing,77.12000274658203,72.0,n/a,-0.06639007474372724,77.37000274658203,n/a,0.003241701129362058
btg,02/27/2020,6.0,-0.0627,Do nothing,4.269999980926514,3.9800000190734863,n/a,-0.06791568223616304,3.990000009536743,n/a,-0.06557376408442407
bidu,02/27/2020,1.37878,1.5781,Short,119.91000366210938,115.0,Correct,-0.040947406489496234,119.9800033569336,Incorrect,0.0005837685988357459
bbdc,02/27/2020,0.0,-0.0246,Do nothing,9.789999961853027,9.720000267028809,n/a,-0.007150122073235369,9.4399995803833,n/a,-0.03575080519239138
bynd,02/27/2020,n/a,2.211,n/a,106.13999938964844,88.0,n/a,-0.17090634533598448,89.6500015258789,n/a,-0.15536082493493739
big,02/27/2020,-0.05597,0.4768,Do nothing,22.440000534057617,15.069999694824219,n/a,-0.3284314021315555,15.8100004196167,n/a,-0.29545454352277933
bcei,02/27/2020,n/a,0.1483,n/a,14.420000076293945,12.760000228881836,n/a,-0.11511788062616589,16.290000915527344,n/a,0.12968105612618025
mnrl,02/27/2020,n/a,0.1531,n/a,14.430000305175781,15.010000228881836,n/a,0.040194034056812815,15.949999809265137,n/a,0.10533606874174209
cabo,02/27/2020,0.31743,-30.838,Do nothing,1568.1700439453125,1401.010009765625,n/a,-0.10659560474649454,1573.02001953125,n/a,0.00309276127589811
cwh,02/27/2020,0.08823,-0.037399999999999996,Do nothing,13.699999809265137,13.079999923706055,n/a,-0.04525546672926112,13.680000305175781,n/a,-0.001459817837065228
cara,02/27/2020,-0.1923,0.0869,Do nothing,15.350000381469727,13.75,n/a,-0.10423454994836491,15.029999732971191,n/a,-0.02084694726684403
cdna,02/27/2020,-0.77777,0.5571,Do nothing,22.44499969482422,19.5,n/a,-0.13120961171157114,23.309999465942383,n/a,0.0385386403599565
chmi,02/27/2020,-0.33333,0.1501,Do nothing,14.829999923706055,14.550000190734863,n/a,-0.01888062942762435,14.260000228881836,n/a,-0.0384355831258679
cdxs,02/27/2020,n/a,0.2488,n/a,13.270000457763672,12.420000076293945,n/a,-0.06405428426134153,11.649999618530273,n/a,-0.12207993845890261
chrs,02/27/2020,1.73913,-0.1753,Do nothing,19.190000534057617,18.520000457763672,n/a,-0.03491402072161785,19.350000381469727,n/a,0.008337667689385849
coll,02/27/2020,-1.62962,-0.3178,Buy,21.68000030517578,21.84000015258789,Correct,0.007380066658666595,23.75,Correct,0.09547968937666651
clnc,02/27/2020,2.24137,0.14300000000000002,Short,12.119999885559082,12.1899995803833,Incorrect,0.005775552432770484,12.729999542236328,Incorrect,0.050330005151572446
scor,02/27/2020,-6.24999,0.6012,Do nothing,3.0,3.7200000286102295,n/a,0.24000000953674316,3.5,n/a,0.16666666666666666
cwk,02/27/2020,6.22222,-0.054400000000000004,Do nothing,16.8700008392334,17.719999313354492,n/a,0.0503852063921841,18.190000534057617,n/a,0.0782453840639051
ctmx,02/27/2020,0.23611,0.1986,Short,7.125,6.849999904632568,Correct,-0.038596504612972864,6.690000057220459,Correct,-0.06105262354800576
dell,02/27/2020,-0.56986,0.5253,Do nothing,43.560001373291016,41.20000076293945,n/a,-0.05417815739093631,40.459999084472656,n/a,-0.07116625783026577
drna,02/27/2020,0.72413,-0.4407,Do nothing,19.40999984741211,19.100000381469727,n/a,-0.01597112150331698,19.739999771118164,n/a,0.017001541798056883
drq,02/27/2020,4.25,-0.0342,Do nothing,33.16999816894531,37.220001220703125,n/a,0.1220983803233833,35.619998931884766,n/a,0.07386195050300645
eix,02/27/2020,0.10638,-0.6374000000000001,Do nothing,70.25,68.58000183105469,n/a,-0.023772215928047152,67.19000244140625,n/a,-0.04355868410809609
ekso,02/27/2020,0.42857,0.092,Short,0.3370000123977661,0.33000001311302185,Correct,-0.020771510466539862,0.29899999499320984,Correct,-0.11275969141420769
eog,02/27/2020,-0.06451,0.9707,Do nothing,60.0,57.29999923706055,n/a,-0.04500001271565755,63.2599983215332,n/a,0.05433330535888672
erie,02/27/2020,n/a,1.6486999999999998,n/a,154.75,151.30999755859375,n/a,-0.022229418038166398,142.9199981689453,n/a,-0.07644589228468296
eb,02/27/2020,-0.29411,0.0251,Do nothing,17.020000457763672,15.029999732971191,n/a,-0.11692130853526163,14.609999656677246,n/a,-0.14159816311797477
ftch,02/27/2020,-7.0,0.8185,Do nothing,9.510000228881836,10.6899995803833,n/a,0.12407984470050917,11.170000076293945,n/a,0.17455308175184853
fdus,02/27/2020,-0.2,0.0369,Do nothing,13.869999885559082,13.5,n/a,-0.026676271709584646,13.180000305175781,n/a,-0.04974762697018492
fprx,02/27/2020,0.13392,0.34909999999999997,Short,4.320000171661377,3.799999952316284,Correct,-0.1203704163616068,3.8299999237060547,Correct,-0.11342597881584782
ftai,02/27/2020,4.5,-0.1372,Do nothing,18.18000030517578,17.68000030517578,n/a,-0.027502749813356812,18.079999923706055,n/a,-0.005500570945604265
fsk,02/27/2020,-0.04761,0.0038000000000000004,Do nothing,5.75,5.599999904632568,n/a,-0.026086973107379417,5.300000190734863,n/a,-0.07826083639393681
gkos,02/27/2020,-5.25,0.7025000000000001,Do nothing,61.470001220703125,43.25,n/a,-0.29640476425705065,43.97999954223633,n/a,-0.2845290602105301
hcat,02/27/2020,n/a,0.4857,n/a,27.739999771118164,26.719999313354492,n/a,-0.036770024015128425,30.3799991607666,n/a,0.09516940920803844
hrtg,02/27/2020,-0.28571,0.09259999999999999,Do nothing,11.380000114440918,11.789999961853027,n/a,0.036028105737172224,11.15999984741211,n/a,-0.019332184957505764
hhc,02/27/2020,-1.93023,-0.5801,Buy,113.12000274658203,109.41000366210938,Incorrect,-0.032797020813233276,107.87999725341797,Incorrect,-0.04632253682757616
icad,02/27/2020,-0.71428,-0.186,Buy,10.90999984741211,10.890000343322754,Incorrect,-0.001833135139236452,13.319999694824219,Correct,0.220898247581898
icfi,02/27/2020,0.05982,-0.7174999999999999,Do nothing,78.19000244140625,73.25,n/a,-0.06317946396162567,75.9800033569336,n/a,-0.028264471357815568
icui,02/27/2020,-0.16853,2.8186,Do nothing,200.35000610351562,194.10000610351562,n/a,-0.03119540708559194,195.80999755859375,n/a,-0.02266038635694461
ihrt,02/27/2020,n/a,-0.1958,n/a,14.960000038146973,15.989999771118164,n/a,0.06885024935459645,15.109999656677246,n/a,0.010026712443033738
immu,02/27/2020,0.12,-0.14500000000000002,Do nothing,15.670000076293945,14.779999732971191,n/a,-0.056796447925304964,16.0,n/a,0.021059344103341048
iq,02/27/2020,0.3,0.057499999999999996,Short,24.420000076293945,22.940000534057617,Correct,-0.06060604167127167,22.43000030517578,Correct,-0.08149057186326482
irtc,02/27/2020,-0.08333,0.1235,Do nothing,80.4000015258789,75.77999877929688,n/a,-0.05746271963807064,86.97000122070312,n/a,0.08171641256386653
isdr,02/27/2020,0.0,0.0368,Do nothing,11.5,10.84000015258789,n/a,-0.05739129107931386,11.149999618530273,n/a,-0.030434815779976223
ladr,02/27/2020,-0.20454,-0.0603,Buy,16.280000686645508,14.680000305175781,Incorrect,-0.09828011756671531,15.25,Incorrect,-0.06326785277659219
lyv,02/27/2020,0.14634,-0.3511,Do nothing,57.75,57.5,n/a,-0.004329004329004329,60.77000045776367,n/a,0.052294380221015964
main,02/27/2020,-0.13043,-0.2478,Buy,38.540000915527344,36.45000076293945,Incorrect,-0.054229374751930855,36.93000030517578,Incorrect,-0.04177479429438495
tusk,02/27/2020,-1.45033,0.7943,Do nothing,1.2699999809265137,1.190000057220459,n/a,-0.0629920668563252,1.090000033378601,n/a,-0.14173224429231546
mtz,02/27/2020,0.18446,-0.827,Do nothing,52.380001068115234,49.4900016784668,n/a,-0.05517371765400056,49.08000183105469,n/a,-0.06300112962520199
mnst,02/27/2020,0.06976,-0.2233,Do nothing,63.7400016784668,64.81999969482422,n/a,0.016943802759928014,62.40999984741211,n/a,-0.02086604637639977
myl,02/27/2020,-0.00769,0.24070000000000003,Do nothing,18.68000030517578,17.81999969482422,n/a,-0.046038575819149045,17.190000534057617,n/a,-0.07976444040556685
myok,02/27/2020,-2.61538,-0.9569,Buy,61.47999954223633,59.43000030517578,Incorrect,-0.033344164806836274,63.38999938964844,Correct,0.031067011412385468
nktr,02/27/2020,-0.21052,0.7618,Do nothing,20.530000686645508,18.510000228881836,n/a,-0.09839261520715172,20.809999465942383,n/a,0.013638517775550318
nptn,02/27/2020,5.0,-0.1206,Do nothing,6.179999828338623,6.900000095367432,n/a,0.11650490081362465,6.610000133514404,n/a,0.06957933933978422
neph,02/27/2020,-0.66666,-0.2381,Buy,8.199999809265137,8.470000267028809,Correct,0.03292688585902158,7.869999885559082,Incorrect,-0.040243894070971745
oxy,02/27/2020,-1.04918,1.1031,Do nothing,31.809999465942383,31.479999542236328,n/a,-0.010374093971908789,32.7400016784668,n/a,0.029236159325313035
oprt,02/27/2020,n/a,-0.6983,n/a,19.729999542236328,21.170000076293945,n/a,0.07298533033287632,21.030000686645508,n/a,0.06588956789513585
oprx,02/27/2020,n/a,0.1684,n/a,10.029999732971191,9.850000381469727,n/a,-0.017946097337346943,8.350000381469727,n/a,-0.16749744728096796
otic,02/27/2020,-0.11904,-0.0216,Buy,3.0399999618530273,3.200000047683716,Correct,0.052631607841587165,3.1500000953674316,Correct,0.03618425489958029
oyst,02/27/2020,n/a,-3.2468999999999997,n/a,34.29999923706055,34.88999938964844,n/a,0.017201171011992495,35.40999984741211,n/a,0.03236153454931353
pags,02/27/2020,0.18518,-0.24109999999999998,Do nothing,32.7400016784668,30.43000030517578,n/a,-0.0705559332579482,31.3700008392334,n/a,-0.04184486160654208
pba,02/27/2020,-0.16,-0.0382,Buy,36.560001373291016,35.150001525878906,Incorrect,-0.03856673398382823,36.119998931884766,Incorrect,-0.012035077266919762
pvac,02/27/2020,-0.28515,1.0501,Do nothing,11.84000015258789,12.430000305175781,n/a,0.04983109332637409,15.899999618530273,n/a,0.34290535587999815
plya,02/27/2020,n/a,0.024099999999999996,n/a,5.809999942779541,5.75,n/a,-0.010327012628305925,5.300000190734863,n/a,-0.08777964837650078
praa,02/27/2020,0.51515,-0.48050000000000004,Do nothing,34.720001220703125,38.09000015258789,n/a,0.0970621778053186,38.81999969482422,n/a,0.11808750950378173
pstg,02/27/2020,n/a,0.11220000000000001,n/a,15.0600004196167,14.859999656677246,n/a,-0.01328026277336209,15.260000228881836,n/a,0.013280199448376046
rrc,02/27/2020,n/a,0.3233,n/a,2.75,2.440000057220459,n/a,-0.1127272519198331,2.7699999809265137,n/a,0.0072727203369140625
rngr,02/27/2020,-1.81818,0.0279,Do nothing,6.619999885559082,6.869999885559082,n/a,0.03776435110601012,6.880000114440918,n/a,0.03927495972454658
rp,02/27/2020,0.17241,0.2029,Short,55.04999923706055,59.18000030517578,Incorrect,0.0750227270727163,64.0999984741211,Incorrect,0.1643959920524021
rwt,02/27/2020,-0.05128,-0.0492,Buy,16.59000015258789,16.989999771118164,Correct,0.024110886971141898,17.079999923706055,Correct,0.029535850910871058
rigl,02/27/2020,-6.5,0.0053,Do nothing,2.0399999618530273,2.0,n/a,-0.01960782480441495,2.119999885559082,n/a,0.0392156496088299
rba,02/27/2020,0.25,-0.48719999999999997,Do nothing,40.459999084472656,39.959999084472656,n/a,-0.012357884609836414,39.70000076293945,n/a,-0.018783943122353354
swn,02/27/2020,-0.67741,0.1242,Do nothing,1.2999999523162842,1.350000023841858,n/a,0.038461594891973455,1.4199999570846558,n/a,0.09230769936149669
sppi,02/27/2020,0.23529,0.2373,Short,2.4000000953674316,2.2899999618530273,Correct,-0.045833387143079954,2.859999895095825,Incorrect,0.19166657560401854
run,02/27/2020,6.39999,-0.0324,Do nothing,20.270000457763672,17.239999771118164,n/a,-0.14948202359240592,19.34000015258789,n/a,-0.04588062576089282
swch,02/27/2020,0.0,-0.2791,Do nothing,16.06999969482422,15.300000190734863,n/a,-0.04791534030566004,14.34000015258789,n/a,-0.10765398724889345
trhc,02/27/2020,-5.6,0.0716,Do nothing,57.11000061035156,59.2400016784668,n/a,0.03729646376030957,56.16999816894531,n/a,-0.016459506765192863
ttd,02/27/2020,0.0119,-2.9369,Do nothing,250.00999450683594,264.70001220703125,n/a,0.05875772178297315,287.25,n/a,0.14895406708288944
tpre,02/27/2020,1.11728,0.0238,Short,9.5,9.079999923706055,Correct,-0.044210534346731084,8.920000076293945,Correct,-0.06105262354800576
tpic,02/27/2020,0.84615,0.4203,Short,23.3700008392334,23.0,Correct,-0.01583229892795911,23.739999771118164,Incorrect,0.01583221731270176
tcon,02/27/2020,0.3923,0.3727,Short,2.950000047683716,3.1500000953674316,Incorrect,0.06779662523760027,3.0399999618530273,Incorrect,0.030508444987984915
tcda,02/27/2020,-0.83333,-0.2994,Buy,32.13999938964844,31.190000534057617,Incorrect,-0.029558147903910457,31.780000686645508,Incorrect,-0.01120095550216087
vmw,02/27/2020,0.05624,1.7066999999999999,Short,135.6300048828125,122.62999725341797,Correct,-0.09584905375935687,120.5199966430664,Correct,-0.11140608785498086
wes,02/27/2020,-0.35714,0.7308000000000001,Do nothing,12.609999656677246,12.789999961853027,n/a,0.014274409998137273,13.0600004196167,n/a,0.03568602499534318
wday,02/27/2020,-0.24137,1.2917,Do nothing,171.1999969482422,170.4499969482422,n/a,-0.0043808411995868365,173.25,n/a,0.01197431710455916
int,02/27/2020,0.26,-0.5838,Do nothing,29.540000915527344,28.420000076293945,n/a,-0.03791471917811227,28.280000686645508,n/a,-0.04265403486225121
albo,03/02/2020,-0.1791,0.5564,Do nothing,23.3799991607666,24.450000762939453,n/a,0.04576568180414629,24.219999313354492,n/a,0.03592815152865677
fold,03/02/2020,0.36585,0.19630000000000003,Short,9.550000190734863,9.5,Correct,-0.005235621961910748,9.319999694824219,Correct,-0.024083821080316252
cir,03/02/2020,0.30645,-0.39030000000000004,Do nothing,35.97999954223633,36.88999938964844,n/a,0.025291824874646693,37.72999954223633,n/a,0.04863813291452947
core,03/02/2020,0.11764,0.6945,Short,23.010000228881836,22.75,Correct,-0.011299444862911701,27.65999984741211,Incorrect,0.20208603095508265
xray,03/02/2020,0.27586,-0.2563,Do nothing,49.2400016784668,49.56999969482422,n/a,0.006701827886040339,49.650001525878906,n/a,0.008326560386601426
dhc,03/02/2020,0.07407,3612.8619,Short,6.289999961853027,6.380000114440918,Incorrect,0.014308450418714577,6.760000228881836,Incorrect,0.07472182351020985
egrx,03/02/2020,-0.9186,-0.35090000000000005,Buy,45.900001525878906,46.20000076293945,Correct,0.006535930873366184,41.86000061035156,Incorrect,-0.08801744621401697
eqx,03/02/2020,n/a,-0.17420000000000002,n/a,7.300000190734863,7.699999809265137,n/a,0.05479446686014497,7.71999979019165,n/a,0.05753419020315222
eprt,03/02/2020,1.38461,-0.375,Do nothing,22.90999984741211,24.030000686645508,n/a,0.04888698588795114,24.670000076293945,n/a,0.07682235882164982
evrg,03/02/2020,n/a,-0.5195000000000001,n/a,65.3499984741211,66.80000305175781,n/a,0.022188287857587745,69.38999938964844,n/a,0.06182097949286415
gtt,03/02/2020,0.04545,1.1589,Short,15.140000343322754,14.210000038146973,Correct,-0.06142670304402882,14.0,Correct,-0.07529724686073287
itci,03/02/2020,-0.05333,-0.3968,Buy,21.100000381469727,21.280000686645508,Correct,0.008530819996281122,21.8799991607666,Correct,0.036966766122993974
jd,03/02/2020,0.0,-0.4515,Do nothing,38.5099983215332,41.380001068115234,n/a,0.07452617168713933,43.29999923706055,n/a,0.12438330626592037
nwn,03/02/2020,n/a,-0.2926,n/a,65.7699966430664,65.86000061035156,n/a,0.0013684654383306044,66.2699966430664,n/a,0.007602250654101424
oxfd,03/02/2020,-1.088,-0.005599999999999999,Buy,13.180000305175781,13.039999961853027,Incorrect,-0.010622180582786165,13.300000190734863,Correct,0.009104695203380088
mcrb,03/02/2020,0.5,0.09870000000000001,Short,3.140000104904175,3.009999990463257,Correct,-0.04140130894832733,3.2300000190734863,Incorrect,0.02866239208997036
tgls,03/02/2020,-0.29629,-0.0397,Buy,7.289999961853027,6.989999771118164,Incorrect,-0.04115228975373094,6.099999904632568,Incorrect,-0.163237320088816
urgn,03/02/2020,-0.15753,0.4188,Do nothing,27.260000228881836,26.510000228881836,n/a,-0.027512839094013607,28.010000228881836,n/a,0.027512839094013607
wve,03/02/2020,-0.14728,1.0165,Do nothing,8.4399995803833,7.699999809265137,n/a,-0.08767770235890902,7.929999828338623,n/a,-0.060426513910029865
whf,03/02/2020,-0.1,0.014,Do nothing,12.569999694824219,13.0,n/a,0.03420845788507352,13.5600004196167,n/a,0.07875900945328741
wsc,03/02/2020,-0.07692,-0.311,Buy,17.540000915527344,17.5,Incorrect,-0.0022805537878810944,17.1299991607666,Incorrect,-0.023375241354621983
atrs,03/03/2020,n/a,-0.0552,n/a,3.2200000286102295,3.450000047683716,n/a,0.07142857671735973,3.109999895095825,n/a,-0.0341615318437997
afi,03/03/2020,-1.42857,0.5059,Do nothing,2.440000057220459,2.4200000762939453,n/a,-0.00819671330225163,1.9800000190734863,n/a,-0.1885246013768477
autl,03/03/2020,-0.36538,0.6827,Do nothing,8.399999618530273,8.649999618530273,n/a,0.02976190611348407,8.90999984741211,n/a,0.06071431571934635
azo,03/03/2020,0.03307,-5.531700000000001,Do nothing,1046.8900146484375,1003.989990234375,n/a,-0.04097854006991271,1024.7099609375,n/a,-0.021186613111775564
brfs,03/03/2020,18.0,-0.0664,Do nothing,6.28000020980835,6.019999980926514,n/a,-0.04140130894832733,5.829999923706055,n/a,-0.07165609411914778
chfs,03/03/2020,n/a,0.18769999999999998,n/a,0.6200000047683716,0.5199999809265137,n/a,-0.16129035979478312,0.44999998807907104,n/a,-0.2741935731965221
hcm,03/03/2020,n/a,0.19699999999999998,n/a,25.0,24.510000228881836,n/a,-0.019599990844726564,24.780000686645508,n/a,-0.008799972534179688
igt,03/03/2020,-0.125,-0.0232,Buy,10.0,11.5,Correct,0.15,9.289999961853027,Incorrect,-0.07100000381469726
insw,03/03/2020,2.71874,-0.38739999999999997,Do nothing,20.93000030517578,20.799999237060547,n/a,-0.0062112310663983315,20.59000015258789,n/a,-0.016244631993809
itmr,03/03/2020,n/a,-0.1225,n/a,14.399999618530273,15.0,n/a,0.04166669426141035,14.109999656677246,n/a,-0.020138886773291873
kss,03/03/2020,-0.14285,0.925,Do nothing,38.439998626708984,39.86000061035156,n/a,0.03694073970793351,37.43000030517578,n/a,-0.026274671113839045
mye,03/03/2020,-0.07692,0.091,Do nothing,13.960000038146973,13.600000381469727,n/a,-0.025787940952257466,13.59000015258789,n/a,-0.02650428972407046
stim,03/03/2020,-0.28571,0.5979,Do nothing,2.940000057220459,3.0,n/a,0.02040814340536656,2.4800000190734863,n/a,-0.15646259496398338
se,03/03/2020,0.36363,-0.8265,Do nothing,48.040000915527344,49.58000183105469,n/a,0.032056637930445775,48.95000076293945,n/a,0.01894254433950233
srra,03/03/2020,0.58289,2.4292,Short,13.0,12.699999809265137,Correct,-0.023076937748835638,12.699999809265137,Correct,-0.023076937748835638
scm,03/03/2020,-0.32653,-0.0013999999999999998,Buy,12.510000228881836,12.989999771118164,Correct,0.03836926726253396,12.619999885559082,Correct,0.008792938022757978
tgt,03/03/2020,0.08496,-2.2234000000000003,Do nothing,109.05999755859375,112.0,n/a,0.02695766098680407,105.83999633789062,n/a,-0.02952504394632085
atrs,03/03/2020,n/a,-0.0552,n/a,3.2200000286102295,3.450000047683716,n/a,0.07142857671735973,3.109999895095825,n/a,-0.0341615318437997
afi,03/03/2020,-1.42857,0.5059,Do nothing,2.440000057220459,2.4200000762939453,n/a,-0.00819671330225163,1.9800000190734863,n/a,-0.1885246013768477
autl,03/03/2020,-0.36538,0.6827,Do nothing,8.399999618530273,8.649999618530273,n/a,0.02976190611348407,8.90999984741211,n/a,0.06071431571934635
azo,03/03/2020,0.03307,-5.531700000000001,Do nothing,1046.8900146484375,1003.989990234375,n/a,-0.04097854006991271,1024.7099609375,n/a,-0.021186613111775564
brfs,03/03/2020,18.0,-0.0664,Do nothing,6.28000020980835,6.019999980926514,n/a,-0.04140130894832733,5.829999923706055,n/a,-0.07165609411914778
chfs,03/03/2020,n/a,0.18769999999999998,n/a,0.6200000047683716,0.5199999809265137,n/a,-0.16129035979478312,0.44999998807907104,n/a,-0.2741935731965221
hcm,03/03/2020,n/a,0.19699999999999998,n/a,25.0,24.510000228881836,n/a,-0.019599990844726564,24.780000686645508,n/a,-0.008799972534179688
igt,03/03/2020,-0.125,-0.0232,Buy,10.0,11.5,Correct,0.15,9.289999961853027,Incorrect,-0.07100000381469726
insw,03/03/2020,2.71874,-0.38739999999999997,Do nothing,20.93000030517578,20.799999237060547,n/a,-0.0062112310663983315,20.59000015258789,n/a,-0.016244631993809
itmr,03/03/2020,n/a,-0.1225,n/a,14.399999618530273,15.0,n/a,0.04166669426141035,14.109999656677246,n/a,-0.020138886773291873
kss,03/03/2020,-0.14285,0.925,Do nothing,38.439998626708984,39.86000061035156,n/a,0.03694073970793351,37.43000030517578,n/a,-0.026274671113839045
mye,03/03/2020,-0.07692,0.091,Do nothing,13.960000038146973,13.600000381469727,n/a,-0.025787940952257466,13.59000015258789,n/a,-0.02650428972407046
stim,03/03/2020,-0.28571,0.5979,Do nothing,2.940000057220459,3.0,n/a,0.02040814340536656,2.4800000190734863,n/a,-0.15646259496398338
se,03/03/2020,0.36363,-0.8265,Do nothing,48.040000915527344,49.58000183105469,n/a,0.032056637930445775,48.95000076293945,n/a,0.01894254433950233
srra,03/03/2020,0.58289,2.4292,Short,13.0,12.699999809265137,Correct,-0.023076937748835638,12.699999809265137,Correct,-0.023076937748835638
scm,03/03/2020,-0.32653,-0.0013999999999999998,Buy,12.510000228881836,12.989999771118164,Correct,0.03836926726253396,12.619999885559082,Correct,0.008792938022757978
tgt,03/03/2020,0.08496,-2.2234000000000003,Do nothing,109.05999755859375,112.0,n/a,0.02695766098680407,105.83999633789062,n/a,-0.02952504394632085
atsg,03/02/2020,0.19444,0.0171,Short,17.549999237060547,19.40999984741211,Incorrect,0.10598294536809874,17.549999237060547,Incorrect,0.0
mdrx,03/02/2020,-0.12499,0.0325,Do nothing,7.940000057220459,7.699999809265137,n/a,-0.030226731262687007,7.300000190734863,n/a,-0.08060451660873656
amrc,03/02/2020,0.69565,-0.1675,Do nothing,23.0,24.200000762939453,n/a,0.052173946214758835,22.5,n/a,-0.021739130434782608
appf,03/02/2020,-0.57142,-1.715,Buy,123.44000244140625,118.0,Incorrect,-0.04407001242557879,119.98999786376953,Incorrect,-0.0279488375680675
wifi,03/02/2020,-13.0,0.5641,Do nothing,11.899999618530273,14.109999656677246,n/a,0.18571429487322302,14.039999961853027,n/a,0.17983196738850465
cpta,03/02/2020,0.0,-0.0040999999999999995,Do nothing,7.78000020980835,7.800000190734863,n/a,0.0025706915664731513,7.489999771118164,n/a,-0.03727511964904296
cfms,03/02/2020,0.375,0.0778,Short,0.8920000195503235,0.9399999976158142,Incorrect,0.05381163342315682,0.824999988079071,Correct,-0.07511214125872845
evri,03/02/2020,3.0,-0.1226,Do nothing,9.739999771118164,10.020000457763672,n/a,0.028747504437914722,9.369999885559082,n/a,-0.037987668814555384
fate,03/02/2020,-0.56,-0.22249999999999998,Buy,31.010000228881836,31.790000915527344,Correct,0.02515319835177032,28.25,Incorrect,-0.08900355396680229
foe,03/02/2020,-0.15151,0.1868,Do nothing,11.729999542236328,11.359999656677246,n/a,-0.031543043478119474,11.279999732971191,n/a,-0.03836315659219063
gsm,03/02/2020,-3.59999,0.069,Do nothing,0.8399999737739563,0.7699999809265137,n/a,-0.08333332742017395,0.7400000095367432,n/a,-0.1190475801897145
fgen,03/02/2020,-3.69565,0.315,Do nothing,43.150001525878906,40.04999923706055,n/a,-0.07184246069977901,39.459999084472656,n/a,-0.08551569666094212
gnmk,03/02/2020,0.23809,0.1179,Short,3.509999990463257,4.5,Incorrect,0.2820512855346421,4.289999961853027,Incorrect,0.22222221467494208
gpmt,03/02/2020,-0.05405,0.037200000000000004,Do nothing,17.239999771118164,17.200000762939453,n/a,-0.002320128115414508,16.979999542236328,n/a,-0.015081219972949724
gsky,03/02/2020,0.18181,0.2798,Short,7.869999885559082,7.670000076293945,Correct,-0.025412936743763218,6.179999828338623,Correct,-0.21473952754707085
hcci,03/02/2020,1.75,-0.1551,Do nothing,27.940000534057617,24.440000534057617,n/a,-0.1252684299606099,26.75,n/a,-0.042591285301052856
pi,03/02/2020,-1.66666,-0.48800000000000004,Buy,28.3799991607666,27.399999618530273,Incorrect,-0.034531345004093945,25.350000381469727,Incorrect,-0.10676528783995315
ipar,03/02/2020,-0.03846,0.0731,Do nothing,62.380001068115234,60.5,n/a,-0.03013788130690132,57.400001525878906,n/a,-0.07983327119213202
ipi,03/02/2020,-0.16666,0.0704,Do nothing,1.7200000286102295,1.7999999523162842,n/a,0.0465115827763649,1.7899999618530273,n/a,0.04069763492931929
lvgo,03/02/2020,n/a,0.36650000000000005,n/a,26.700000762939453,27.989999771118164,n/a,0.048314568214143094,24.290000915527344,n/a,-0.0902621639905447
maxr,03/02/2020,0.88405,-0.5247,Do nothing,14.760000228881836,14.670000076293945,n/a,-0.006097571218988302,15.40999984741211,n/a,0.04403791385167987
ncsm,03/02/2020,0.33333,0.133,Short,1.0299999713897705,1.100000023841858,Incorrect,0.06796121786065383,1.5700000524520874,Incorrect,0.5242719379241334
nwpx,03/02/2020,2.66666,-0.49549999999999994,Do nothing,33.11000061035156,33.43000030517578,n/a,0.00966474445561241,31.600000381469727,n/a,-0.04560556330553939
omer,03/02/2020,0.15789,0.2098,Short,12.59000015258789,14.399999618530273,Incorrect,0.14376484861045336,19.559999465942383,Incorrect,0.5536139181000566
pgen,03/02/2020,-0.08695,0.9289999999999999,Do nothing,3.9100000858306885,3.619999885559082,n/a,-0.0741688475462003,3.240000009536743,n/a,-0.17135551447222086
ptct,03/02/2020,-0.15217,-0.6157,Buy,54.93000030517578,55.06999969482422,Correct,0.0025486872177433078,51.869998931884766,Incorrect,-0.055707288481531045
kwr,03/02/2020,-0.14569,2.1599,Do nothing,156.22999572753906,156.49000549316406,n/a,0.0016642755727808512,159.22999572753906,n/a,0.01920245843974751
sqm,03/02/2020,-0.36585,0.4388,Do nothing,28.43000030517578,28.280000686645508,n/a,-0.0052761033035573154,28.899999618530273,n/a,0.016531808241624507
strl,03/02/2020,0.38095,-0.08779999999999999,Do nothing,13.59000015258789,14.0,n/a,0.03016923052307948,14.680000305175781,n/a,0.08020604417582189
stne,03/02/2020,0.57142,-0.46719999999999995,Do nothing,43.86000061035156,43.400001525878906,n/a,-0.010487895076866236,44.290000915527344,n/a,0.009803928390149071
tlry,03/02/2020,-0.0606,2.133,Do nothing,15.350000381469727,13.0,n/a,-0.153094483587545,13.020000457763672,n/a,-0.15179152220209668
tmdx,03/02/2020,n/a,0.5562,n/a,14.960000038146973,14.63599967956543,n/a,-0.021657777924823818,15.529999732971191,n/a,0.03810158378146783
vrrm,03/02/2020,n/a,-0.1529,n/a,14.90999984741211,14.800000190734863,n/a,-0.007377575976054651,14.550000190734863,n/a,-0.024144846436046766
ziop,03/02/2020,0.12499,0.0066,Short,3.140000104904175,3.0299999713897705,Correct,-0.035031888483889474,2.9000000953674316,Correct,-0.07643312150273555
zgnx,03/02/2020,-1.07547,0.0235,Do nothing,25.25,23.5,n/a,-0.06930693069306931,24.920000076293945,n/a,-0.013069303909150681
avav,03/03/2020,-0.51428,0.2157,Do nothing,53.59000015258789,50.720001220703125,n/a,-0.05355474759680835,58.709999084472656,n/a,0.09554019252297984
amba,03/03/2020,0.14285,-0.9158,Do nothing,58.11000061035156,62.150001525878906,n/a,0.06952333287030922,55.18000030517578,n/a,-0.05042161890209718
atto,03/03/2020,-0.71428,0.025500000000000002,Do nothing,2.869999885559082,2.809999942779541,n/a,-0.020905904241126094,2.700000047683716,n/a,-0.05923339534985726
bnft,03/03/2020,0.48648,1.0342,Short,11.420000076293945,14.039999961853027,Incorrect,0.22942205499610932,12.199999809265137,Incorrect,0.06830120208057996
cdlx,03/03/2020,0.84313,-3.0137,Do nothing,86.19999694824219,60.459999084472656,n/a,-0.2986078744205156,54.54999923706055,n/a,-0.3671693599964455
cnr,03/03/2020,n/a,-0.12380000000000001,n/a,7.329999923706055,8.0,n/a,0.09140519553446225,8.130000114440918,n/a,0.10914054557457382
cytk,03/03/2020,0.125,-0.1669,Do nothing,14.569999694824219,14.800000190734863,n/a,0.015785895726020426,14.859999656677246,n/a,0.01990390994696078
drrx,03/03/2020,0.79999,-0.0857,Do nothing,1.7200000286102295,2.0,n/a,0.1627906783327278,1.940000057220459,n/a,0.12790699125045413
xan,03/03/2020,0.08333,-0.05740000000000001,Do nothing,11.760000228881836,10.850000381469727,n/a,-0.07738093789974645,11.270000457763672,n/a,-0.04166664639297836
foxf,03/03/2020,0.0862,0.32980000000000004,Short,60.689998626708984,67.72000122070312,Incorrect,0.11583461448457368,64.80999755859375,Incorrect,0.06788596185717494
ajx,03/03/2020,0.20588,-0.0856,Do nothing,14.470000267028809,14.109999656677246,n/a,-0.024879101845758506,14.25,n/a,-0.015203888249407908
grbk,03/03/2020,-0.29411,-0.1452,Buy,11.329999923706055,11.649999618530273,Correct,0.028243574314124664,11.220000267028809,Incorrect,-0.009708707627357609
hiiq,03/03/2020,1.81395,0.22849999999999998,Short,28.09000015258789,27.15999984741211,Correct,-0.033107878252898536,25.670000076293945,Correct,-0.08615165764144697
hpe,03/03/2020,0.04761,0.0043,Short,12.59000015258789,11.899999618530273,Correct,-0.05480544286695554,12.260000228881836,Correct,-0.02621127241513359
hrzn,03/03/2020,-0.08823,-0.0361,Buy,11.960000038146973,12.920000076293945,Correct,0.08026756146195721,13.279999732971191,Correct,0.11036786710819554
infi,03/03/2020,-0.49999,0.0252,Do nothing,1.100000023841858,1.1399999856948853,n/a,0.03636360089641049,1.1399999856948853,n/a,0.03636360089641049
ltm,03/03/2020,-0.07999,0.0248,Do nothing,6.650000095367432,6.679999828338623,n/a,0.004511237976085147,6.849999904632568,n/a,0.030075158856683618
mrcc,03/03/2020,-0.07894,0.058399999999999994,Do nothing,10.34000015258789,11.050000190734863,n/a,0.06866537985197942,10.760000228881836,n/a,0.040618962291681195
nfe,03/03/2020,n/a,-0.24680000000000002,n/a,14.069999694824219,16.0,n/a,0.13717131109005992,15.3100004196167,n/a,0.0881308281228056
jwn,03/03/2020,0.0,0.061900000000000004,Do nothing,33.439998626708984,31.3799991607666,n/a,-0.061602857372638556,32.880001068115234,n/a,-0.016746339162420666
ospn,03/03/2020,0.35294,-0.0277,Do nothing,16.360000610351562,17.049999237060547,n/a,0.042175953604329165,18.5,n/a,0.13080680377813572
prof,03/03/2020,n/a,-1.1987,n/a,13.170000076293945,13.729999542236328,n/a,0.04252083999227792,14.789999961853027,n/a,0.12300682431088884
rost,03/03/2020,0.05,-1.1471,Do nothing,109.22000122070312,109.37999725341797,n/a,0.0014648968222545286,109.55999755859375,n/a,0.0031129494057007684
sndx,03/03/2020,0.34285,-0.0979,Do nothing,9.270000457763672,9.5,n/a,0.02481116837957676,11.279999732971191,n/a,0.21682839007026533
urbn,03/03/2020,-0.24096,0.0368,Do nothing,23.1299991607666,21.5,n/a,-0.07047121573317766,21.399999618530273,n/a,-0.0747946219198648
vec,03/03/2020,0.28767,-1.1098,Do nothing,53.86000061035156,52.90999984741211,n/a,-0.017638335539804446,51.959999084472656,n/a,-0.03527667107960889
veev,03/03/2020,0.08571,-0.5252,Do nothing,141.5,149.0,n/a,0.053003533568904596,144.1199951171875,n/a,0.01851586655256184
vvus,03/03/2020,-0.40476,0.06799999999999999,Do nothing,1.6699999570846558,1.7000000476837158,n/a,0.01796412656886032,1.8200000524520874,n/a,0.08982041869587175
vygr,03/03/2020,0.05714,0.4728,Short,11.579999923706055,12.3100004196167,Incorrect,0.06303976690157143,12.079999923706055,Incorrect,0.04317789320329981
yext,03/03/2020,-1.06666,0.32739999999999997,Do nothing,14.5,16.06999969482422,n/a,0.10827584102235992,15.289999961853027,n/a,0.054482755989863955
bpth,03/06/2020,n/a,0.6194999999999999,n/a,5.71999979019165,5.389999866485596,n/a,-0.05769229647034619,5.03000020980835,n/a,-0.12062930169446424
dxpe,03/06/2020,0.01666,0.1392,Short,27.540000915527344,27.360000610351562,Correct,-0.006535958576322893,23.030000686645508,Correct,-0.16376180388356668
glp,03/06/2020,-1.11564,0.0014999999999999998,Do nothing,16.889999389648438,16.5,n/a,-0.023090550843208484,15.210000038146973,n/a,-0.09946710551873109
ptmn,03/06/2020,n/a,0.046299999999999994,n/a,2.1500000953674316,2.0,n/a,-0.06976748312273766,2.059999942779541,n/a,-0.041860534230585576
samg,03/06/2020,n/a,0.1021,n/a,11.319999694824219,11.0,n/a,-0.02826852503984876,11.15999984741211,n/a,-0.01413426251992438
vet,03/06/2020,-0.89583,0.5278,Do nothing,9.449999809265137,8.100000381469727,n/a,-0.1428570851897605,7.739999771118164,n/a,-0.18095238864136526
ypf,03/06/2020,-1.23853,0.312,Do nothing,7.75,7.570000171661377,n/a,-0.023225784301757812,7.300000190734863,n/a,-0.058064491518082156
btai,03/09/2020,-0.42553,-0.38870000000000005,Buy,33.060001373291016,28.770000457763672,Incorrect,-0.12976408763833902,29.139999389648438,Incorrect,-0.11857234787683721
cyou,03/09/2020,1.99999,0.307,Short,10.670000076293945,10.680000305175781,Incorrect,0.0009372285670413376,10.65999984741211,Correct,-0.0009372285670413376
klxe,03/09/2020,-1.90909,1.1133,Do nothing,1.7899999618530273,1.5,n/a,-0.16201115532584495,1.2000000476837158,n/a,-0.329608897621728
mntx,03/09/2020,-0.83333,0.082,Do nothing,5.889999866485596,5.960000038146973,n/a,0.01188457949883523,5.460000038146973,n/a,-0.07300506588893904
mtnb,03/09/2020,0.0,-0.0199,Do nothing,1.059999942779541,0.9800000190734863,n/a,-0.07547163021186416,0.9399999976158142,n/a,-0.11320750154859623
nerv,03/09/2020,-0.08823,-0.024399999999999998,Buy,8.430000305175781,7.21999979019165,Incorrect,-0.14353504996212454,7.199999809265137,Incorrect,-0.14590752685447225
nine,03/09/2020,-1.93877,0.8414,Do nothing,2.1600000858306885,1.5800000429153442,n/a,-0.2685185277167658,1.3600000143051147,n/a,-0.37037038876686496
sogo,03/09/2020,0.28571,0.026,Short,3.8499999046325684,3.9000000953674316,Incorrect,0.012987062850235353,3.880000114440918,Incorrect,0.007792262480903291
sohu,03/09/2020,-2.86486,0.3111,Do nothing,8.529999732971191,8.399999618530273,n/a,-0.015240342146603561,8.5600004196167,n/a,0.0035170794354829242
tho,03/09/2020,0.16923,-0.7799,Do nothing,70.04000091552734,64.20999908447266,n/a,-0.08323817468372162,51.27000045776367,n/a,-0.26798972319262926
akba,03/10/2020,0.51648,-0.0495,Do nothing,8.050000190734863,7.860000133514404,n/a,-0.023602491020949204,7.429999828338623,n/a,-0.07701867673367621
catb,03/10/2020,0.27058,0.1138,Short,4.699999809265137,5.139999866485596,Incorrect,0.0936170372503174,4.789999961853027,Incorrect,0.019148969412822698
cvia,03/10/2020,-0.07692,0.1531,Do nothing,1.0399999618530273,1.0499999523162842,n/a,0.009615375798129148,0.9990000128746033,n/a,-0.0394230293098974
dske,03/10/2020,-4.8,0.08410000000000001,Do nothing,2.5199999809265137,2.9700000286102295,n/a,0.17857144884511741,2.1700000762939453,n/a,-0.13888885209589802
dks,03/10/2020,0.14953,-0.4163,Do nothing,34.47999954223633,38.16999816894531,n/a,0.10701852307709328,35.869998931884766,n/a,0.040313207891599756
eman,03/10/2020,0.79999,0.0125,Short,0.4099999964237213,0.33000001311302185,Correct,-0.19512191221587755,0.2800000011920929,Correct,-0.3170731618672449
gpx,03/10/2020,1.0909,0.04,Short,8.3100004196167,8.75,Incorrect,0.05294820194528894,8.6899995803833,Incorrect,0.04572793520798993
nspr,03/10/2020,0.772,0.22440000000000002,Short,0.8199999928474426,0.800000011920929,Correct,-0.02439022085483674,0.6600000262260437,Correct,-0.19512191221587755
kopn,03/10/2020,n/a,0.0466,n/a,0.3199999928474426,0.3499999940395355,n/a,0.09375000582076622,0.28999999165534973,n/a,-0.09375000582076622
psn,03/10/2020,n/a,-0.4943,n/a,33.54999923706055,33.68000030517578,n/a,0.003874845635514366,32.90999984741211,n/a,-0.01907598820274997
dtil,03/10/2020,n/a,0.1948,n/a,7.190000057220459,8.119999885559082,n/a,0.12934628942105272,7.570000171661377,n/a,0.0528511976935672
reyn,03/10/2020,n/a,0.4861,n/a,28.959999084472656,28.0,n/a,-0.03314914070516578,28.030000686645508,n/a,-0.03211320536007134
spar,03/10/2020,2.49999,-0.46219999999999994,Do nothing,12.5600004196167,12.789999961853027,n/a,0.018312064852888527,12.239999771118164,n/a,-0.025477757787232685
asrt,03/09/2020,0.42105,0.1753,Short,1.0700000524520874,0.9700000286102295,Correct,-0.09345796162597453,0.7400000095367432,Correct,-0.30841123994255226
avid,03/09/2020,0.125,-0.0107,Do nothing,6.150000095367432,6.769999980926514,n/a,0.10081298795850509,7.46999979019165,n/a,0.21463409339107586
bxg,03/09/2020,-0.33333,0.2426,Do nothing,6.289999961853027,6.75,n/a,0.07313196199312172,6.71999979019165,n/a,0.06836245325062698
clar,03/09/2020,n/a,0.0156,n/a,10.380000114440918,11.239999771118164,n/a,0.0828516037760725,11.229999542236328,n/a,0.0818881905996195
dcph,03/09/2020,-0.31395,-1.9661,Buy,47.189998626708984,47.0,Incorrect,-0.004026247769404414,49.9900016784668,Correct,0.05933467118545419
flmn,03/09/2020,-0.64285,0.15259999999999999,Do nothing,2.700000047683716,2.990000009536743,n/a,0.10740739138201623,2.700000047683716,n/a,0.0
fnv,03/09/2020,1.04166,-1.716,Do nothing,107.66999816894531,107.80999755859375,n/a,0.0013002636948945057,108.08000183105469,n/a,0.0038079657200888687
hnrg,03/09/2020,-1.11111,0.1848,Do nothing,0.8100000023841858,0.8799999952316284,n/a,0.08641974400173075,1.1100000143051147,n/a,0.3703703839974039
imxi,03/09/2020,0.53846,0.024399999999999998,Short,9.180000305175781,7.710000038146973,Correct,-0.16013074271903965,9.300000190734863,Incorrect,0.013071882523949899
orgo,03/09/2020,n/a,0.1436,n/a,3.0899999141693115,3.640000104904175,n/a,0.17799359417869773,2.940000057220459,n/a,-0.048543644373911635
qtrx,03/09/2020,0.09523,0.0649,Short,19.299999237060547,20.010000228881836,Incorrect,0.03678761761077792,19.799999237060547,Incorrect,0.025906736775402672
sibn,03/09/2020,-0.54545,-0.1237,Buy,15.479999542236328,16.25,Correct,0.04974163310940468,15.789999961853027,Correct,0.020025867492494433
sfix,03/09/2020,-0.5,0.1833,Do nothing,21.209999084472656,15.0,n/a,-0.29278639097249426,15.859999656677246,n/a,-0.2522394935750855
sncr,03/09/2020,0.75581,0.0795,Short,4.309999942779541,4.360000133514404,Incorrect,0.011600972482291473,4.21999979019165,Correct,-0.02088170621409546
trec,03/09/2020,0.92857,0.1298,Short,4.690000057220459,5.0,Incorrect,0.06609806801649877,4.710000038146973,Incorrect,0.00426438820522461
prts,03/09/2020,n/a,-0.0772,n/a,2.3499999046325684,2.3499999046325684,n/a,0.0,2.6700000762939453,n/a,0.13617029133939912
mtn,03/09/2020,0.08167,-0.9276,Do nothing,182.0,174.0,n/a,-0.04395604395604396,177.89999389648438,n/a,-0.022527506063272664
xene,03/09/2020,1.41379,-0.24430000000000002,Do nothing,12.119999885559082,12.359999656677246,n/a,0.01980196150035633,12.859999656677246,n/a,0.06105608730243224
bbw,03/11/2020,7.19999,0.1017,Short,3.0399999618530273,3.0799999237060547,Incorrect,0.0131578823536055,2.7300000190734863,Correct,-0.10197366666760779
dq,03/11/2020,-0.28346,-0.9918,Buy,56.849998474121094,59.0,Correct,0.037818849315495,57.70000076293945,Correct,0.014951667750796725
expr,03/11/2020,-0.05263,-0.0377,Buy,2.4800000190734863,2.4100000858306885,Incorrect,-0.028225779316303965,2.299999952316284,Incorrect,-0.07258067152130472
iea,03/11/2020,1.15873,0.0591,Short,2.5399999618530273,2.890000104904175,Incorrect,0.13779533397937885,2.0399999618530273,Correct,-0.19685039665718373
inmb,03/11/2020,n/a,0.2614,n/a,3.799999952316284,3.621000051498413,n/a,-0.047105237648427334,4.800000190734863,n/a,0.26315796078077064
inse,03/11/2020,-0.73913,0.0611,Do nothing,5.349999904632568,4.860000133514404,n/a,-0.09158874389770978,5.03000020980835,n/a,-0.05981302813615582
lcut,03/11/2020,0.81818,0.137,Short,6.380000114440918,6.489999771118164,Incorrect,0.01724132518873558,6.389999866485596,Incorrect,0.0015673592265372579
lqda,03/11/2020,0.16129,0.32439999999999997,Short,3.559999942779541,3.119999885559082,Correct,-0.12359552367771112,3.6600000858306885,Incorrect,0.028089928274850014
mux,03/11/2020,0.83333,0.0197,Short,0.8899999856948853,0.8700000047683716,Correct,-0.022471889042670362,0.7990000247955322,Correct,-0.1022471487213598
pdd,03/11/2020,0.1875,-0.8655,Do nothing,37.689998626708984,35.5,n/a,-0.058105563982616966,35.060001373291016,n/a,-0.06977971210522209
unfi,03/11/2020,-0.38636,0.234,Do nothing,6.78000020980835,6.869999885559082,n/a,0.013274288048034802,6.75,n/a,-0.004424809569319708
vra,03/11/2020,1.08,0.1035,Short,6.389999866485596,6.019999980926514,Correct,-0.05790295669639449,5.809999942779541,Correct,-0.09076681311811137
xers,03/11/2020,-0.2653,0.2539,Do nothing,2.009999990463257,1.909999966621399,n/a,-0.049751255878767595,2.2200000286102295,n/a,0.1044776314146015
apei,03/10/2020,-0.32727,0.35569999999999996,Do nothing,21.18000030517578,19.549999237060547,n/a,-0.0769594449777656,20.510000228881836,n/a,-0.031633619765822976
apto,03/10/2020,0.17647,-0.2041,Do nothing,7.079999923706055,7.0,n/a,-0.011299424374029993,5.840000152587891,n/a,-0.17514121249722855
aspu,03/10/2020,0.6923,-0.2068,Do nothing,7.96999979019165,7.599999904632568,n/a,-0.0464240772019123,6.340000152587891,n/a,-0.20451689843326382
cdmo,03/10/2020,0.4,-0.11560000000000001,Do nothing,5.989999771118164,4.460000038146973,n/a,-0.2554256746967427,4.510000228881836,n/a,-0.2470783971265585
bbx,03/10/2020,n/a,0.06760000000000001,n/a,2.690000057220459,2.640000104904175,n/a,-0.01858734247312562,2.369999885559082,n/a,-0.11895916909088428
bxc,03/10/2020,0.81609,0.5272,Short,6.579999923706055,5.96999979019165,Correct,-0.09270518853909558,5.53000020980835,Correct,-0.15957442645475192
cstl,03/10/2020,n/a,-0.8752,n/a,29.360000610351562,33.369998931884766,n/a,0.13658032146359642,28.969999313354492,n/a,-0.013283422646100563
ccxi,03/10/2020,-0.28571,-1.4088999999999998,Buy,45.779998779296875,45.779998779296875,Incorrect,0.0,41.540000915527344,Incorrect,-0.09261681906568746
cdxc,03/10/2020,0.2,0.0178,Short,3.430000066757202,3.5,Incorrect,0.02040814340536656,3.680000066757202,Incorrect,0.07288629595752619
clne,03/10/2020,n/a,0.032799999999999996,n/a,2.0199999809265137,1.8300000429153442,n/a,-0.0940593761411929,1.3200000524520874,n/a,-0.34653462132873747
cldr,03/10/2020,0.46341,-0.0367,Do nothing,7.849999904632568,8.279999732971191,n/a,0.054777048861473825,7.889999866485596,n/a,0.005095536603691157
flgt,03/10/2020,n/a,-0.4704,n/a,15.25,14.5,n/a,-0.04918032786885246,10.0600004196167,n/a,-0.34032784133660987
iii,03/10/2020,4.0,0.0421,Short,2.7300000190734863,2.690000057220459,Correct,-0.01465200057639656,2.5,Correct,-0.08424909064709248
kfy,03/10/2020,-0.09876,0.2886,Do nothing,31.559999465942383,29.889999389648438,n/a,-0.05291508569561628,27.780000686645508,n/a,-0.11977182646584066
loma,03/10/2020,n/a,0.2554,n/a,4.940000057220459,4.849999904632568,n/a,-0.018218654158990055,4.889999866485596,n/a,-0.010121495982936567
nex,03/10/2020,-2.81818,0.1864,Do nothing,2.059999942779541,2.0199999809265137,n/a,-0.019417457749564656,1.5399999618530273,n/a,-0.2524271822186956
pam,03/10/2020,-1.22185,0.7756000000000001,Do nothing,11.819999694824219,11.40999984741211,n/a,-0.0346869592214661,11.0,n/a,-0.0693739184429322
petq,03/10/2020,0.33333,0.1163,Short,26.170000076293945,23.610000610351562,Correct,-0.09782191281922671,22.59000015258789,Correct,-0.13679785683107398
ptgx,03/10/2020,-0.10526,0.17350000000000002,Do nothing,7.630000114440918,7.329999923706055,n/a,-0.03931850409373756,7.159999847412109,n/a,-0.061598985580519544
rmed,03/10/2020,-0.00847,0.1389,Do nothing,1.409999966621399,1.3200000524520874,n/a,-0.0638297278722401,1.2599999904632568,n/a,-0.10638296433266427
resn,03/10/2020,0.07999,0.0392,Short,1.3600000143051147,1.3700000047683716,Incorrect,0.007352934086817846,1.1799999475479126,Correct,-0.13235298887049812
snss,03/10/2020,0.4375,0.0281,Short,0.9599999785423279,0.7300000190734863,Correct,-0.2395832964684806,0.6299999952316284,Correct,-0.34374999029872294
tact,03/10/2020,-0.75,-0.0723,Buy,8.649999618530273,7.809999942779541,Incorrect,-0.09710979338672587,8.460000038146973,Incorrect,-0.021965270377154504
hear,03/10/2020,-0.4436,0.1654,Do nothing,5.519999980926514,6.090000152587891,n/a,0.10326090102009462,5.75,n/a,0.041666670265980976
vslr,03/10/2020,0.05479,-0.1517,Do nothing,9.59000015258789,8.079999923706055,n/a,-0.15745570436454662,8.25,n/a,-0.13972889794233084
sjr,04/09/2020,0.17391,0.12040000000000001,Short,16.3700008392334,16.31999969482422,Correct,-0.003054437498215866,16.3700008392334,Incorrect,0.0
slp,04/09/2020,0.16666,-0.35760000000000003,Do nothing,35.95000076293945,34.279998779296875,n/a,-0.046453461702403324,35.95000076293945,n/a,0.0
wdfc,04/09/2020,0.0614,-1.1874,Do nothing,175.41000366210938,176.5500030517578,n/a,0.0064990557314188735,175.41000366210938,n/a,0.0
strt,04/24/2020,-0.30434,0.3387,Do nothing,14.170000076293945,13.149999618530273,n/a,-0.07198309472630893,14.15999984741211,n/a,-0.0007057324508110673
